Manifold,Euclidean
0.03237376457967022,1.403095633074352e80
0.037048719945670376,1.5046108887207673e72
0.046076454730913395,6.057281160171544e71
