Manifold,Euclidean
0.05830418916099341,2.4493804586315485e68
0.05911370951576643,3.8016601212908026e64
0.04553809782279011,6.593799414874182e64
